Reporting-starts,Reporting-ends,Ad-name,Country,Impressions,Clicks,CPC,CTR,Leads,CPL,Spent
2025-01-01,2026-01-01,FB — 1,AL,18670,1541,0.02,8.25%,89,,28.46
2025-01-01,2026-01-01,FB — 1,AR,27945,466,0.04,1.67%,10,,20.77
2025-01-01,2026-01-01,FB — 1,AU,352,1,0.24,0.28%,,,0.24
2025-01-01,2026-01-01,FB — 1,AT,166,1,0.08,0.60%,,,0.08
2025-01-01,2026-01-01,FB — 1,BE,280,1,0.16,0.36%,,,0.16
2025-01-01,2026-01-01,FB — 1,BA,6996,603,0.02,8.62%,36,,10.48
2025-01-01,2026-01-01,FB — 1,BR,20470,221,0.09,1.08%,7,,19.15
2025-01-01,2026-01-01,FB — 1,BG,2358,211,0.02,8.95%,5,,4.27
2025-01-01,2026-01-01,FB — 1,CA,215,4,0.03,1.86%,,,0.13
2025-01-01,2026-01-01,FB — 1,CV,740992,3677,0.02,0.50%,78,,63.32
2025-01-01,2026-01-01,FB — 1,CL,4584,54,0.08,1.18%,,,4.57
2025-01-01,2026-01-01,FB — 1,CO,181673,2521,0.03,1.39%,70,,79.94
2025-01-01,2026-01-01,FB — 1,HR,1059,64,0.03,6.04%,1,,2.16
2025-01-01,2026-01-01,FB — 1,CY,438,10,0.05,2.28%,,,0.49
2025-01-01,2026-01-01,FB — 1,CZ,269,3,0.10,1.12%,,,0.29
2025-01-01,2026-01-01,FB — 1,DK,75,0,0.00,0.00%,,,0.02
2025-01-01,2026-01-01,FB — 1,DO,32329,539,0.03,1.67%,26,,15.81
2025-01-01,2026-01-01,FB — 1,EE,32,1,0.03,3.13%,,,0.03
2025-01-01,2026-01-01,FB — 1,FI,24,1,0.02,4.17%,,,0.02
2025-01-01,2026-01-01,FB — 1,FR,587,2,0.12,0.34%,,,0.24
2025-01-01,2026-01-01,FB — 1,DE,1019,10,0.05,0.98%,,,0.45
2025-01-01,2026-01-01,FB — 1,GR,1816,132,0.03,7.27%,8,,3.41
2025-01-01,2026-01-01,FB — 1,HU,426,21,0.04,4.93%,,,0.80
2025-01-01,2026-01-01,FB — 1,IS,12,1,0.01,8.33%,,,0.01
2025-01-01,2026-01-01,FB — 1,IE,11,1,0.00,9.09%,,,0.00
2025-01-01,2026-01-01,FB — 1,IL,93,8,0.03,8.60%,,,0.20
2025-01-01,2026-01-01,FB — 1,IT,1460,20,0.08,1.37%,,,1.53
2025-01-01,2026-01-01,FB — 1,JM,834,38,0.03,4.56%,,,0.95
2025-01-01,2026-01-01,FB — 1,JP,196,0,0.00,0.00%,,,0.36
2025-01-01,2026-01-01,FB — 1,XK,9115,534,0.02,5.86%,18,,11.48
2025-01-01,2026-01-01,FB — 1,LV,305,15,0.06,4.92%,,,0.89
2025-01-01,2026-01-01,FB — 1,LT,553,49,0.02,8.86%,1,,1.19
2025-01-01,2026-01-01,FB — 1,LU,33,0,0.00,0.00%,,,0.03
2025-01-01,2026-01-01,FB — 1,MV,6092,240,0.02,3.94%,8,,5.37
2025-01-01,2026-01-01,FB — 1,MT,250,1,0.12,0.40%,,,0.12
2025-01-01,2026-01-01,FB — 1,MU,6796,388,0.02,5.71%,9,,8.80
2025-01-01,2026-01-01,FB — 1,MX,30193,466,0.05,1.54%,8,,23.88
2025-01-01,2026-01-01,FB — 1,MD,7330,584,0.02,7.97%,4,,13.33
2025-01-01,2026-01-01,FB — 1,ME,3339,185,0.02,5.54%,,,3.68
2025-01-01,2026-01-01,FB — 1,NL,291,2,0.06,0.69%,,,0.12
2025-01-01,2026-01-01,FB — 1,NO,20,0,0.00,0.00%,,,0.03
2025-01-01,2026-01-01,FB — 1,PL,205,8,0.06,3.90%,,,0.46
2025-01-01,2026-01-01,FB — 1,PT,2179,64,0.04,2.94%,,,2.63
2025-01-01,2026-01-01,FB — 1,PR,274,5,0.06,1.82%,,,0.30
2025-01-01,2026-01-01,FB — 1,RO,7124,601,0.02,8.44%,12,,14.91
2025-01-01,2026-01-01,FB — 1,SM,6,0,0.00,0.00%,,,0.01
2025-01-01,2026-01-01,FB — 1,RS,10364,680,0.02,6.56%,8,,16.12
2025-01-01,2026-01-01,FB — 1,SC,10119,140,0.01,1.38%,3,,2.09
2025-01-01,2026-01-01,FB — 1,SK,159,16,0.02,10.06%,,,0.36
2025-01-01,2026-01-01,FB — 1,SI,91,2,0.08,2.20%,,,0.16
2025-01-01,2026-01-01,FB — 1,KR,1,0,0.00,0.00%,,,0.00
2025-01-01,2026-01-01,FB — 1,ES,2907,23,0.06,0.79%,,,1.44
2025-01-01,2026-01-01,FB — 1,SE,81,0,0.00,0.00%,,,0.03
2025-01-01,2026-01-01,FB — 1,CH,219,1,0.08,0.46%,,,0.08
2025-01-01,2026-01-01,FB — 1,UA,80355,7251,0.02,9.02%,103,,152.24
2025-01-01,2026-01-01,FB — 1,GB,321,1,0.26,0.31%,,,0.26
2025-01-01,2026-01-01,FB — 1,US,414,4,0.08,0.97%,,,0.31
2025-01-01,2026-01-01,FB — 1,unknown,2,1,0.01,50.00%,,,0.01
2025-01-01,2026-01-01,FB — 10,AU,562,17,0.20,3.02%,,,3.42
2025-01-01,2026-01-01,FB — 10,CA,908,31,0.15,3.41%,,,4.67
2025-01-01,2026-01-01,FB — 10,GB,856,26,0.20,3.04%,,,5.24
2025-01-01,2026-01-01,FB — 10,US,585,24,0.15,4.10%,,,3.64
2025-01-01,2026-01-01,FB — 11,AU,2573,113,0.14,4.39%,,,15.33
2025-01-01,2026-01-01,FB — 11,CA,4530,190,0.15,4.19%,1,,27.92
2025-01-01,2026-01-01,FB — 11,GB,4885,219,0.12,4.48%,2,,26.36
2025-01-01,2026-01-01,FB — 11,US,3053,160,0.14,5.24%,,,22.68
2025-01-01,2026-01-01,FB — 12,AU,89,1,0.45,1.12%,,,0.45
2025-01-01,2026-01-01,FB — 12,CA,243,6,0.18,2.47%,,,1.08
2025-01-01,2026-01-01,FB — 12,GB,141,6,0.12,4.26%,,,0.71
2025-01-01,2026-01-01,FB — 12,US,135,3,0.28,2.22%,,,0.85
2025-01-01,2026-01-01,FB — 13,AU,30,1,0.11,3.33%,,,0.11
2025-01-01,2026-01-01,FB — 13,CA,38,0,0.00,0.00%,,,0.13
2025-01-01,2026-01-01,FB — 13,GB,9,0,0.00,0.00%,,,0.02
2025-01-01,2026-01-01,FB — 13,US,12,0,0.00,0.00%,,,0.05
2025-01-01,2026-01-01,FB — 14,AU,170,11,0.11,6.47%,,,1.18
2025-01-01,2026-01-01,FB — 14,AU,30,0,0.00,0.00%,,,0.19
2025-01-01,2026-01-01,FB — 14,CA,305,16,0.12,5.25%,,,1.95
2025-01-01,2026-01-01,FB — 14,CA,110,2,0.15,1.82%,,,0.29
2025-01-01,2026-01-01,FB — 14,GB,185,11,0.11,5.95%,,,1.19
2025-01-01,2026-01-01,FB — 14,GB,37,0,0.00,0.00%,,,0.13
2025-01-01,2026-01-01,FB — 14,US,129,5,0.20,3.88%,,,0.98
2025-01-01,2026-01-01,FB — 14,US,79,3,0.10,3.80%,,,0.29
2025-01-01,2026-01-01,FB — 15,AU,44,0,0.00,0.00%,,,0.23
2025-01-01,2026-01-01,FB — 15,CA,99,0,0.00,0.00%,,,0.26
2025-01-01,2026-01-01,FB — 15,GB,49,2,0.10,4.08%,,,0.19
2025-01-01,2026-01-01,FB — 15,US,39,1,0.07,2.56%,,,0.07
2025-01-01,2026-01-01,FB — 16,AU,39,0,0.00,0.00%,,,0.43
2025-01-01,2026-01-01,FB — 16,CA,288,4,0.50,1.39%,,,1.98
2025-01-01,2026-01-01,FB — 16,DE,19,0,0.00,0.00%,,,0.14
2025-01-01,2026-01-01,FB — 16,GB,84,0,0.00,0.00%,,,0.57
2025-01-01,2026-01-01,FB — 16,US,155,0,0.00,0.00%,,,2.32
2025-01-01,2026-01-01,FB — 17,AU,21,0,0.00,0.00%,,,0.15
2025-01-01,2026-01-01,FB — 17,CA,97,3,0.15,3.09%,,,0.44
2025-01-01,2026-01-01,FB — 17,GB,64,2,0.12,3.13%,,,0.24
2025-01-01,2026-01-01,FB — 17,US,47,4,0.08,8.51%,,,0.32
2025-01-01,2026-01-01,FB — 18,AU,17,0,0.00,0.00%,,,0.08
2025-01-01,2026-01-01,FB — 18,CA,54,0,0.00,0.00%,,,0.16
2025-01-01,2026-01-01,FB — 18,GB,45,2,0.10,4.44%,,,0.19
2025-01-01,2026-01-01,FB — 18,US,51,0,0.00,0.00%,,,0.26
2025-01-01,2026-01-01,FB — 19,AU,170,12,0.06,7.06%,,,0.74
2025-01-01,2026-01-01,FB — 19,CA,294,13,0.07,4.42%,,,0.92
2025-01-01,2026-01-01,FB — 19,GB,420,19,0.10,4.52%,,,1.81
2025-01-01,2026-01-01,FB — 19,US,246,13,0.12,5.28%,,,1.59
2025-01-01,2026-01-01,FB — 2,AL,142,2,0.07,1.41%,,,0.14
2025-01-01,2026-01-01,FB — 2,AR,48028,606,0.05,1.26%,10,,28.63
2025-01-01,2026-01-01,FB — 2,AU,438,1,0.14,0.23%,,,0.14
2025-01-01,2026-01-01,FB — 2,AT,213,2,0.02,0.94%,,,0.04
2025-01-01,2026-01-01,FB — 2,BE,360,0,0.00,0.00%,,,0.25
2025-01-01,2026-01-01,FB — 2,BA,28,0,0.00,0.00%,,,0.01
2025-01-01,2026-01-01,FB — 2,BR,25979,179,0.13,0.69%,7,,23.43
2025-01-01,2026-01-01,FB — 2,BG,5,0,0.00,0.00%,,,0.00
2025-01-01,2026-01-01,FB — 2,CA,274,1,0.23,0.36%,,,0.23
2025-01-01,2026-01-01,FB — 2,CV,154667,762,0.02,0.49%,9,,13.34
2025-01-01,2026-01-01,FB — 2,CL,8079,69,0.10,0.85%,,,6.97
2025-01-01,2026-01-01,FB — 2,CO,255662,3164,0.03,1.24%,39,,109.21
2025-01-01,2026-01-01,FB — 2,HR,6,0,0.00,0.00%,,,0.01
2025-01-01,2026-01-01,FB — 2,CY,231,1,0.12,0.43%,,,0.12
2025-01-01,2026-01-01,FB — 2,CZ,232,1,0.19,0.43%,,,0.19
2025-01-01,2026-01-01,FB — 2,DK,64,0,0.00,0.00%,,,0.00
2025-01-01,2026-01-01,FB — 2,DO,9729,68,0.03,0.70%,7,,1.83
2025-01-01,2026-01-01,FB — 2,FR,890,7,0.12,0.79%,,,0.87
2025-01-01,2026-01-01,FB — 2,DE,1204,4,0.14,0.33%,,,0.57
2025-01-01,2026-01-01,FB — 2,GR,7,0,0.00,0.00%,,,0.00
2025-01-01,2026-01-01,FB — 2,HU,153,2,0.19,1.31%,,,0.37
2025-01-01,2026-01-01,FB — 2,IE,1,0,0.00,0.00%,,,0.00
2025-01-01,2026-01-01,FB — 2,IL,5,0,0.00,0.00%,,,0.01
2025-01-01,2026-01-01,FB — 2,IT,1661,6,0.34,0.36%,1,,2.01
2025-01-01,2026-01-01,FB — 2,JM,120,0,0.00,0.00%,,,0.03
2025-01-01,2026-01-01,FB — 2,JP,247,1,0.32,0.40%,,,0.32
2025-01-01,2026-01-01,FB — 2,XK,74,3,0.03,4.05%,,,0.10
2025-01-01,2026-01-01,FB — 2,LV,6,1,0.00,16.67%,,,0.00
2025-01-01,2026-01-01,FB — 2,LT,2,0,0.00,0.00%,,,0.00
2025-01-01,2026-01-01,FB — 2,LU,39,0,0.00,0.00%,,,0.03
2025-01-01,2026-01-01,FB — 2,MV,418,9,0.02,2.15%,2,,0.17
2025-01-01,2026-01-01,FB — 2,MT,274,2,0.06,0.73%,,,0.12
2025-01-01,2026-01-01,FB — 2,MU,502,10,0.04,1.99%,2,,0.35
2025-01-01,2026-01-01,FB — 2,MX,62438,765,0.05,1.23%,16,,41.68
2025-01-01,2026-01-01,FB — 2,MD,13,2,0.01,15.38%,,,0.02
2025-01-01,2026-01-01,FB — 2,MC,1,0,0.00,0.00%,,,0.00
2025-01-01,2026-01-01,FB — 2,ME,16,0,0.00,0.00%,,,0.01
2025-01-01,2026-01-01,FB — 2,NL,378,4,0.09,1.06%,,,0.37
2025-01-01,2026-01-01,FB — 2,PL,61,1,0.07,1.64%,,,0.07
2025-01-01,2026-01-01,FB — 2,PT,1559,5,0.26,0.32%,,,1.30
2025-01-01,2026-01-01,FB — 2,PR,17,0,0.00,0.00%,,,0.01
2025-01-01,2026-01-01,FB — 2,RO,13,0,0.00,0.00%,,,0.04
2025-01-01,2026-01-01,FB — 2,SM,5,0,0.00,0.00%,,,0.02
2025-01-01,2026-01-01,FB — 2,RS,45,0,0.00,0.00%,,,0.07
2025-01-01,2026-01-01,FB — 2,SC,1147,11,0.01,0.96%,,,0.14
2025-01-01,2026-01-01,FB — 2,SI,1,0,0.00,0.00%,,,0.00
2025-01-01,2026-01-01,FB — 2,ES,4720,22,0.13,0.47%,,,2.89
2025-01-01,2026-01-01,FB — 2,SE,84,0,0.00,0.00%,,,0.05
2025-01-01,2026-01-01,FB — 2,CH,299,0,0.00,0.00%,,,0.08
2025-01-01,2026-01-01,FB — 2,UA,2412,34,0.12,1.41%,,,4.12
2025-01-01,2026-01-01,FB — 2,GB,429,2,0.17,0.47%,,,0.34
2025-01-01,2026-01-01,FB — 2,US,797,5,0.11,0.63%,,,0.56
2025-01-01,2026-01-01,FB — 20,AU,134,4,0.15,2.99%,,,0.59
2025-01-01,2026-01-01,FB — 20,CA,214,6,0.13,2.80%,,,0.80
2025-01-01,2026-01-01,FB — 20,GB,262,13,0.12,4.96%,,,1.51
2025-01-01,2026-01-01,FB — 20,US,118,9,0.09,7.63%,,,0.85
2025-01-01,2026-01-01,FB — 21,AU,123,7,0.10,5.69%,,,0.69
2025-01-01,2026-01-01,FB — 21,CA,152,2,0.21,1.32%,,,0.41
2025-01-01,2026-01-01,FB — 21,GB,86,4,0.09,4.65%,,,0.37
2025-01-01,2026-01-01,FB — 21,US,103,3,0.16,2.91%,,,0.49
2025-01-01,2026-01-01,FB — 22,AU,567,23,0.11,4.06%,,,2.52
2025-01-01,2026-01-01,FB — 22,CA,1454,47,0.11,3.23%,,,4.96
2025-01-01,2026-01-01,FB — 22,GB,1517,79,0.09,5.21%,,,7.40
2025-01-01,2026-01-01,FB — 22,US,1210,63,0.12,5.21%,,,7.70
2025-01-01,2026-01-01,FB — 23,CA,112,5,0.62,4.46%,,,3.09
2025-01-01,2026-01-01,FB — 23,DE,29,0,0.00,0.00%,,,0.26
2025-01-01,2026-01-01,FB — 23,GB,165,7,0.46,4.24%,,,3.22
2025-01-01,2026-01-01,FB — 23,US,183,19,0.49,10.38%,,,9.39
2025-01-01,2026-01-01,FB — 3,AL,941,79,0.02,8.40%,,,1.64
2025-01-01,2026-01-01,FB — 3,AR,38700,313,0.08,0.81%,5,,24.86
2025-01-01,2026-01-01,FB — 3,AU,552,1,0.28,0.18%,,,0.28
2025-01-01,2026-01-01,FB — 3,AT,124,1,0.06,0.81%,,,0.06
2025-01-01,2026-01-01,FB — 3,BE,300,0,0.00,0.00%,,,0.16
2025-01-01,2026-01-01,FB — 3,BA,262,9,0.03,3.44%,,,0.31
2025-01-01,2026-01-01,FB — 3,BR,47785,273,0.15,0.57%,4,,40.79
2025-01-01,2026-01-01,FB — 3,BG,71,0,0.00,0.00%,,,0.09
2025-01-01,2026-01-01,FB — 3,CA,323,1,0.16,0.31%,,,0.16
2025-01-01,2026-01-01,FB — 3,CV,190270,857,0.02,0.45%,36,,15.24
2025-01-01,2026-01-01,FB — 3,CL,10803,61,0.14,0.56%,,,8.74
2025-01-01,2026-01-01,FB — 3,CO,156912,1990,0.04,1.27%,62,,69.92
2025-01-01,2026-01-01,FB — 3,HR,15,2,0.03,13.33%,,,0.05
2025-01-01,2026-01-01,FB — 3,CY,238,1,0.25,0.42%,,,0.25
2025-01-01,2026-01-01,FB — 3,CZ,219,1,0.13,0.46%,,,0.13
2025-01-01,2026-01-01,FB — 3,DK,57,0,0.00,0.00%,,,0.00
2025-01-01,2026-01-01,FB — 3,DO,24360,255,0.03,1.05%,3,,7.03
2025-01-01,2026-01-01,FB — 3,EE,2,0,0.00,0.00%,,,0.00
2025-01-01,2026-01-01,FB — 3,FI,15,0,0.00,0.00%,,,0.03
2025-01-01,2026-01-01,FB — 3,FR,763,5,0.08,0.66%,,,0.39
2025-01-01,2026-01-01,FB — 3,DE,1306,6,0.11,0.46%,,,0.67
2025-01-01,2026-01-01,FB — 3,GR,93,4,0.03,4.30%,,,0.10
2025-01-01,2026-01-01,FB — 3,HU,149,1,0.19,0.67%,,,0.19
2025-01-01,2026-01-01,FB — 3,IS,1,0,0.00,0.00%,,,0.00
2025-01-01,2026-01-01,FB — 3,IE,3,0,0.00,0.00%,,,0.00
2025-01-01,2026-01-01,FB — 3,IT,1602,11,0.16,0.69%,,,1.81
2025-01-01,2026-01-01,FB — 3,JM,157,1,0.15,0.64%,,,0.15
2025-01-01,2026-01-01,FB — 3,JP,231,2,0.19,0.87%,,,0.38
2025-01-01,2026-01-01,FB — 3,XK,329,19,0.03,5.78%,,,0.48
2025-01-01,2026-01-01,FB — 3,LV,7,0,0.00,0.00%,,,0.01
2025-01-01,2026-01-01,FB — 3,LT,19,1,0.01,5.26%,,,0.01
2025-01-01,2026-01-01,FB — 3,LU,52,0,0.00,0.00%,,,0.04
2025-01-01,2026-01-01,FB — 3,MV,1104,35,0.02,3.17%,,,0.81
2025-01-01,2026-01-01,FB — 3,MT,183,1,0.10,0.55%,,,0.10
2025-01-01,2026-01-01,FB — 3,MU,1071,56,0.02,5.23%,,,1.18
2025-01-01,2026-01-01,FB — 3,MX,37989,364,0.08,0.96%,6,,28.21
2025-01-01,2026-01-01,FB — 3,MD,134,8,0.02,5.97%,,,0.18
2025-01-01,2026-01-01,FB — 3,MC,3,0,0.00,0.00%,,,0.00
2025-01-01,2026-01-01,FB — 3,ME,73,4,0.01,5.48%,,,0.05
2025-01-01,2026-01-01,FB — 3,NL,398,3,0.08,0.75%,,,0.24
2025-01-01,2026-01-01,FB — 3,NO,10,0,0.00,0.00%,,,0.00
2025-01-01,2026-01-01,FB — 3,PL,19,0,0.00,0.00%,,,0.02
2025-01-01,2026-01-01,FB — 3,PT,1774,11,0.12,0.62%,,,1.30
2025-01-01,2026-01-01,FB — 3,PR,10,2,0.01,20.00%,,,0.01
2025-01-01,2026-01-01,FB — 3,RO,193,5,0.06,2.59%,,,0.30
2025-01-01,2026-01-01,FB — 3,SM,3,0,0.00,0.00%,,,0.00
2025-01-01,2026-01-01,FB — 3,RS,208,8,0.03,3.85%,,,0.27
2025-01-01,2026-01-01,FB — 3,SC,1577,21,0.01,1.33%,1,,0.25
2025-01-01,2026-01-01,FB — 3,SK,8,0,0.00,0.00%,,,0.00
2025-01-01,2026-01-01,FB — 3,SI,9,0,0.00,0.00%,,,0.00
2025-01-01,2026-01-01,FB — 3,ES,3605,18,0.13,0.50%,,,2.35
2025-01-01,2026-01-01,FB — 3,SE,87,3,0.01,3.45%,,,0.02
2025-01-01,2026-01-01,FB — 3,CH,241,1,0.10,0.41%,,,0.10
2025-01-01,2026-01-01,FB — 3,UA,3722,105,0.06,2.82%,1,,6.52
2025-01-01,2026-01-01,FB — 3,GB,610,4,0.08,0.66%,,,0.33
2025-01-01,2026-01-01,FB — 3,US,1070,7,0.10,0.65%,,,0.72
2025-01-01,2026-01-01,FB — 4,AL,42060,3020,0.02,7.18%,103,,59.97
2025-01-01,2026-01-01,FB — 4,AR,80469,1342,0.05,1.67%,47,,61.63
2025-01-01,2026-01-01,FB — 4,AU,917,5,0.05,0.55%,,,0.26
2025-01-01,2026-01-01,FB — 4,AT,381,1,0.20,0.26%,,,0.20
2025-01-01,2026-01-01,FB — 4,BE,795,4,0.09,0.50%,,,0.35
2025-01-01,2026-01-01,FB — 4,BA,6393,458,0.02,7.16%,14,,10.46
2025-01-01,2026-01-01,FB — 4,BR,82355,1383,0.06,1.68%,52,,85.04
2025-01-01,2026-01-01,FB — 4,BG,3856,226,0.04,5.86%,,,8.79
2025-01-01,2026-01-01,FB — 4,CA,632,1,0.33,0.16%,,,0.33
2025-01-01,2026-01-01,FB — 4,CV,947284,5653,0.02,0.60%,198,,95.35
2025-01-01,2026-01-01,FB — 4,CL,21415,249,0.08,1.16%,2,,21.04
2025-01-01,2026-01-01,FB — 4,CO,433112,5832,0.03,1.35%,211,,193.18
2025-01-01,2026-01-01,FB — 4,HR,2068,64,0.06,3.09%,,,4.06
2025-01-01,2026-01-01,FB — 4,CY,1483,39,0.06,2.63%,,,2.44
2025-01-01,2026-01-01,FB — 4,CZ,578,4,0.13,0.69%,,,0.53
2025-01-01,2026-01-01,FB — 4,DK,181,0,0.00,0.00%,,,0.11
2025-01-01,2026-01-01,FB — 4,DO,51265,1242,0.02,2.42%,16,,29.52
2025-01-01,2026-01-01,FB — 4,EE,65,3,0.03,4.62%,,,0.09
2025-01-01,2026-01-01,FB — 4,FI,49,0,0.00,0.00%,,,0.11
2025-01-01,2026-01-01,FB — 4,FR,1824,7,0.21,0.38%,,,1.49
2025-01-01,2026-01-01,FB — 4,DE,2544,9,0.12,0.35%,,,1.08
2025-01-01,2026-01-01,FB — 4,GR,3227,142,0.05,4.40%,,,7.19
2025-01-01,2026-01-01,FB — 4,HU,1065,38,0.06,3.57%,,,2.17
2025-01-01,2026-01-01,FB — 4,IS,28,0,0.00,0.00%,,,0.05
2025-01-01,2026-01-01,FB — 4,IE,17,0,0.00,0.00%,,,0.03
2025-01-01,2026-01-01,FB — 4,IL,461,10,0.15,2.17%,,,1.54
2025-01-01,2026-01-01,FB — 4,IT,4756,68,0.10,1.43%,,,7.13
2025-01-01,2026-01-01,FB — 4,JM,2751,116,0.02,4.22%,,,2.82
2025-01-01,2026-01-01,FB — 4,JP,463,1,0.42,0.22%,,,0.42
2025-01-01,2026-01-01,FB — 4,XK,18587,1105,0.02,5.95%,21,,23.57
2025-01-01,2026-01-01,FB — 4,LV,491,12,0.10,2.44%,,,1.22
2025-01-01,2026-01-01,FB — 4,LI,3,0,0.00,0.00%,,,0.00
2025-01-01,2026-01-01,FB — 4,LT,916,54,0.04,5.90%,,,2.14
2025-01-01,2026-01-01,FB — 4,LU,104,0,0.00,0.00%,,,0.04
2025-01-01,2026-01-01,FB — 4,MV,14632,648,0.02,4.43%,34,,14.13
2025-01-01,2026-01-01,FB — 4,MT,815,29,0.02,3.56%,,,0.65
2025-01-01,2026-01-01,FB — 4,MU,11760,549,0.03,4.67%,14,,14.54
2025-01-01,2026-01-01,FB — 4,MX,70044,1004,0.06,1.43%,78,,57.34
2025-01-01,2026-01-01,FB — 4,MD,8248,421,0.04,5.10%,,,17.31
2025-01-01,2026-01-01,FB — 4,MC,3,0,0.00,0.00%,,,0.01
2025-01-01,2026-01-01,FB — 4,ME,4846,311,0.02,6.42%,,,6.99
2025-01-01,2026-01-01,FB — 4,NL,948,6,0.07,0.63%,,,0.43
2025-01-01,2026-01-01,FB — 4,NO,43,4,0.02,9.30%,,,0.08
2025-01-01,2026-01-01,FB — 4,PL,525,17,0.08,3.24%,,,1.28
2025-01-01,2026-01-01,FB — 4,PT,10033,321,0.06,3.20%,,,18.36
2025-01-01,2026-01-01,FB — 4,PR,1842,21,0.14,1.14%,,,2.84
2025-01-01,2026-01-01,FB — 4,RO,24054,1344,0.04,5.59%,25,,57.08
2025-01-01,2026-01-01,FB — 4,SM,77,1,0.09,1.30%,,,0.09
2025-01-01,2026-01-01,FB — 4,RS,19074,974,0.03,5.11%,23,,33.37
2025-01-01,2026-01-01,FB — 4,SC,15683,191,0.02,1.22%,,,3.12
2025-01-01,2026-01-01,FB — 4,SK,207,10,0.05,4.83%,,,0.51
2025-01-01,2026-01-01,FB — 4,SI,102,2,0.08,1.96%,,,0.15
2025-01-01,2026-01-01,FB — 4,ES,7607,56,0.09,0.74%,,,5.10
2025-01-01,2026-01-01,FB — 4,SE,243,1,0.38,0.41%,,,0.38
2025-01-01,2026-01-01,FB — 4,CH,584,2,0.08,0.34%,,,0.16
2025-01-01,2026-01-01,FB — 4,UA,92519,4719,0.03,5.10%,23,,157.78
2025-01-01,2026-01-01,FB — 4,GB,1005,6,0.09,0.60%,,,0.54
2025-01-01,2026-01-01,FB — 4,US,1608,10,0.10,0.62%,,,0.99
2025-01-01,2026-01-01,FB — 4,unknown,32,0,0.00,0.00%,,,0.03
2025-01-01,2026-01-01,FB — 5,AU,55,0,0.00,0.00%,,,0.15
2025-01-01,2026-01-01,FB — 5,AT,71,0,0.00,0.00%,,,0.21
2025-01-01,2026-01-01,FB — 5,BE,167,0,0.00,0.00%,,,0.56
2025-01-01,2026-01-01,FB — 5,CA,38,0,0.00,0.00%,,,0.04
2025-01-01,2026-01-01,FB — 5,CY,860,9,0.09,1.05%,,,0.81
2025-01-01,2026-01-01,FB — 5,CZ,132,0,0.00,0.00%,,,0.35
2025-01-01,2026-01-01,FB — 5,DK,80,2,0.16,2.50%,,,0.32
2025-01-01,2026-01-01,FB — 5,FR,828,8,0.27,0.97%,1,,2.15
2025-01-01,2026-01-01,FB — 5,DE,345,1,1.51,0.29%,,,1.51
2025-01-01,2026-01-01,FB — 5,GR,2317,28,0.11,1.21%,4,,3.03
2025-01-01,2026-01-01,FB — 5,IE,67,0,0.00,0.00%,,,0.31
2025-01-01,2026-01-01,FB — 5,IT,2841,20,0.23,0.70%,2,,4.61
2025-01-01,2026-01-01,FB — 5,JP,87,0,0.00,0.00%,,,0.21
2025-01-01,2026-01-01,FB — 5,MT,138,2,0.06,1.45%,,,0.13
2025-01-01,2026-01-01,FB — 5,MC,10,0,0.00,0.00%,,,0.01
2025-01-01,2026-01-01,FB — 5,NL,1034,5,0.35,0.48%,,,1.77
2025-01-01,2026-01-01,FB — 5,PT,11825,136,0.09,1.15%,14,,12.62
2025-01-01,2026-01-01,FB — 5,ES,2751,23,0.17,0.84%,1,,3.81
2025-01-01,2026-01-01,FB — 5,SE,160,1,0.60,0.63%,,,0.60
2025-01-01,2026-01-01,FB — 5,CH,77,0,0.00,0.00%,,,0.17
2025-01-01,2026-01-01,FB — 5,GB,44,1,0.15,2.27%,,,0.15
2025-01-01,2026-01-01,FB — 5,US,72,2,0.14,2.78%,,,0.29
2025-01-01,2026-01-01,FB — 6,AR,35592,290,0.08,0.81%,12,,24.62
2025-01-01,2026-01-01,FB — 6,AU,1008,24,0.13,2.38%,,,3.07
2025-01-01,2026-01-01,FB — 6,AT,151,0,0.00,0.00%,,,0.11
2025-01-01,2026-01-01,FB — 6,BE,379,10,0.09,2.64%,,,0.85
2025-01-01,2026-01-01,FB — 6,BR,46450,372,0.12,0.80%,11,,44.89
2025-01-01,2026-01-01,FB — 6,CA,3685,181,0.10,4.91%,8,,17.63
2025-01-01,2026-01-01,FB — 6,CL,13648,130,0.10,0.95%,7,,12.39
2025-01-01,2026-01-01,FB — 6,CO,70475,1959,0.03,2.78%,71,,63.93
2025-01-01,2026-01-01,FB — 6,CY,500,7,0.13,1.40%,,,0.88
2025-01-01,2026-01-01,FB — 6,CZ,329,6,0.13,1.82%,,,0.76
2025-01-01,2026-01-01,FB — 6,DK,69,3,0.11,4.35%,,,0.34
2025-01-01,2026-01-01,FB — 6,FR,1110,25,0.06,2.25%,1,,1.60
2025-01-01,2026-01-01,FB — 6,DE,1087,12,0.08,1.10%,,,1.01
2025-01-01,2026-01-01,FB — 6,HU,432,9,0.10,2.08%,,,0.90
2025-01-01,2026-01-01,FB — 6,IT,2337,29,0.14,1.24%,1,,3.99
2025-01-01,2026-01-01,FB — 6,JP,1060,16,0.14,1.51%,1,,2.30
2025-01-01,2026-01-01,FB — 6,LU,34,1,0.01,2.94%,,,0.01
2025-01-01,2026-01-01,FB — 6,MT,343,6,0.10,1.75%,,,0.60
2025-01-01,2026-01-01,FB — 6,MX,102730,973,0.07,0.95%,51,,70.05
2025-01-01,2026-01-01,FB — 6,MC,2,0,0.00,0.00%,,,0.00
2025-01-01,2026-01-01,FB — 6,NL,469,10,0.08,2.13%,,,0.80
2025-01-01,2026-01-01,FB — 6,PT,2663,34,0.09,1.28%,,,3.12
2025-01-01,2026-01-01,FB — 6,SM,4,0,0.00,0.00%,,,0.00
2025-01-01,2026-01-01,FB — 6,ES,4160,49,0.08,1.18%,3,,3.96
2025-01-01,2026-01-01,FB — 6,SE,130,10,0.05,7.69%,,,0.53
2025-01-01,2026-01-01,FB — 6,CH,216,1,0.16,0.46%,,,0.16
2025-01-01,2026-01-01,FB — 6,UA,3567,51,0.10,1.43%,3,,4.99
2025-01-01,2026-01-01,FB — 6,GB,1850,79,0.09,4.27%,4,,7.02
2025-01-01,2026-01-01,FB — 6,US,3704,215,0.10,5.80%,13,,22.42
2025-01-01,2026-01-01,FB — 7,AR,17505,106,0.12,0.61%,,,12.66
2025-01-01,2026-01-01,FB — 7,AU,294,0,0.00,0.00%,,,0.30
2025-01-01,2026-01-01,FB — 7,AT,70,1,0.10,1.43%,,,0.10
2025-01-01,2026-01-01,FB — 7,BE,174,0,0.00,0.00%,,,0.20
2025-01-01,2026-01-01,FB — 7,BR,27259,177,0.15,0.65%,,,26.10
2025-01-01,2026-01-01,FB — 7,CA,293,3,0.23,1.02%,,,0.69
2025-01-01,2026-01-01,FB — 7,CL,9399,58,0.14,0.62%,,,8.23
2025-01-01,2026-01-01,FB — 7,CO,31082,664,0.04,2.14%,16,,29.74
2025-01-01,2026-01-01,FB — 7,CY,131,1,0.13,0.76%,,,0.13
2025-01-01,2026-01-01,FB — 7,CZ,122,1,0.21,0.82%,,,0.21
2025-01-01,2026-01-01,FB — 7,DK,22,0,0.00,0.00%,,,0.00
2025-01-01,2026-01-01,FB — 7,FR,461,2,0.19,0.43%,,,0.37
2025-01-01,2026-01-01,FB — 7,DE,589,4,0.10,0.68%,,,0.38
2025-01-01,2026-01-01,FB — 7,HU,76,2,0.06,2.63%,,,0.12
2025-01-01,2026-01-01,FB — 7,IT,935,4,0.41,0.43%,,,1.65
2025-01-01,2026-01-01,FB — 7,JP,267,2,0.24,0.75%,,,0.47
2025-01-01,2026-01-01,FB — 7,LU,9,0,0.00,0.00%,,,0.00
2025-01-01,2026-01-01,FB — 7,MT,101,2,0.04,1.98%,,,0.07
2025-01-01,2026-01-01,FB — 7,MX,25689,228,0.10,0.89%,4,,21.71
2025-01-01,2026-01-01,FB — 7,NL,192,1,0.16,0.52%,,,0.16
2025-01-01,2026-01-01,FB — 7,PT,928,6,0.19,0.65%,,,1.16
2025-01-01,2026-01-01,FB — 7,SM,3,0,0.00,0.00%,,,0.01
2025-01-01,2026-01-01,FB — 7,ES,2251,23,0.09,1.02%,,,2.17
2025-01-01,2026-01-01,FB — 7,SE,32,0,0.00,0.00%,,,0.04
2025-01-01,2026-01-01,FB — 7,CH,88,1,0.08,1.14%,,,0.08
2025-01-01,2026-01-01,FB — 7,UA,1368,8,0.23,0.58%,,,1.84
2025-01-01,2026-01-01,FB — 7,GB,384,3,0.17,0.78%,,,0.50
2025-01-01,2026-01-01,FB — 7,US,780,7,0.11,0.90%,,,0.74
2025-01-01,2026-01-01,FB — 8,AU,4,0,0.00,0.00%,,,0.00
2025-01-01,2026-01-01,FB — 8,CA,27,0,0.00,0.00%,,,0.10
2025-01-01,2026-01-01,FB — 8,GB,26,0,0.00,0.00%,,,0.07
2025-01-01,2026-01-01,FB — 8,US,77,0,0.00,0.00%,,,0.09
2025-01-01,2026-01-01,FB — 9,AU,145,7,0.12,4.83%,,,0.83
2025-01-01,2026-01-01,FB — 9,CA,259,6,0.19,2.32%,,,1.14
2025-01-01,2026-01-01,FB — 9,GB,178,3,0.37,1.69%,,,1.11
2025-01-01,2026-01-01,FB — 9,US,168,9,0.12,5.36%,,,1.12
2025-01-01,2026-01-01,INST — 1 ,AL,20,0,0.00,0.00%,,,0.05
2025-01-01,2026-01-01,INST — 1 ,AR,3718,340,0.02,9.14%,21,,6.67
2025-01-01,2026-01-01,INST — 1 ,AU,2,0,0.00,0.00%,,,0.02
2025-01-01,2026-01-01,INST — 1 ,AT,2,0,0.00,0.00%,,,0.00
2025-01-01,2026-01-01,INST — 1 ,BE,12,2,0.02,16.67%,,,0.04
2025-01-01,2026-01-01,INST — 1 ,BA,94,5,0.05,5.32%,1,,0.23
2025-01-01,2026-01-01,INST — 1 ,BG,12,1,0.03,8.33%,2,,0.03
2025-01-01,2026-01-01,INST — 1 ,CA,3,0,0.00,0.00%,,,0.00
2025-01-01,2026-01-01,INST — 1 ,HR,17,1,0.09,5.88%,,,0.09
2025-01-01,2026-01-01,INST — 1 ,CY,50,2,0.04,4.00%,,,0.08
2025-01-01,2026-01-01,INST — 1 ,CZ,11,0,0.00,0.00%,1,,0.14
2025-01-01,2026-01-01,INST — 1 ,EE,2,0,0.00,0.00%,,,0.00
2025-01-01,2026-01-01,INST — 1 ,FI,3,0,0.00,0.00%,,,0.07
2025-01-01,2026-01-01,INST — 1 ,FR,16,1,0.07,6.25%,1,,0.07
2025-01-01,2026-01-01,INST — 1 ,DE,11,0,0.00,0.00%,,,0.01
2025-01-01,2026-01-01,INST — 1 ,GR,54,3,0.05,5.56%,2,,0.14
2025-01-01,2026-01-01,INST — 1 ,HU,12,1,0.06,8.33%,,,0.06
2025-01-01,2026-01-01,INST — 1 ,IE,2,0,0.00,0.00%,,,0.00
2025-01-01,2026-01-01,INST — 1 ,IL,1,0,0.00,0.00%,,,0.00
2025-01-01,2026-01-01,INST — 1 ,IT,60,8,0.02,13.33%,2,,0.12
2025-01-01,2026-01-01,INST — 1 ,JP,20,0,0.00,0.00%,,,0.35
2025-01-01,2026-01-01,INST — 1 ,XK,30,4,0.01,13.33%,2,,0.05
2025-01-01,2026-01-01,INST — 1 ,LV,5,1,0.00,20.00%,,,0.00
2025-01-01,2026-01-01,INST — 1 ,LI,1,0,0.00,0.00%,,,0.00
2025-01-01,2026-01-01,INST — 1 ,LT,4,0,0.00,0.00%,,,0.00
2025-01-01,2026-01-01,INST — 1 ,MV,50,2,0.08,4.00%,2,,0.15
2025-01-01,2026-01-01,INST — 1 ,MT,7,0,0.00,0.00%,,,0.08
2025-01-01,2026-01-01,INST — 1 ,MU,89,0,0.00,0.00%,,,0.21
2025-01-01,2026-01-01,INST — 1 ,MX,336,39,0.02,11.61%,11,,0.83
2025-01-01,2026-01-01,INST — 1 ,MD,24,0,0.00,0.00%,,,0.11
2025-01-01,2026-01-01,INST — 1 ,ME,50,0,0.00,0.00%,,,0.15
2025-01-01,2026-01-01,INST — 1 ,NL,5,1,0.00,20.00%,,,0.00
2025-01-01,2026-01-01,INST — 1 ,NO,3,0,0.00,0.00%,,,0.06
2025-01-01,2026-01-01,INST — 1 ,PA,284,23,0.03,8.10%,2,,0.68
2025-01-01,2026-01-01,INST — 1 ,PT,25,0,0.00,0.00%,,,0.06
2025-01-01,2026-01-01,INST — 1 ,PR,17,1,0.07,5.88%,,,0.07
2025-01-01,2026-01-01,INST — 1 ,RO,26,3,0.03,11.54%,2,,0.09
2025-01-01,2026-01-01,INST — 1 ,RS,102,2,0.09,1.96%,2,,0.17
2025-01-01,2026-01-01,INST — 1 ,SC,69,1,0.04,1.45%,,,0.04
2025-01-01,2026-01-01,INST — 1 ,SK,3,0,0.00,0.00%,,,0.02
2025-01-01,2026-01-01,INST — 1 ,SI,13,2,0.06,15.38%,,,0.11
2025-01-01,2026-01-01,INST — 1 ,KR,3,0,0.00,0.00%,,,0.02
2025-01-01,2026-01-01,INST — 1 ,ES,60,7,0.04,11.67%,,,0.27
2025-01-01,2026-01-01,INST — 1 ,SE,6,2,0.01,33.33%,,,0.02
2025-01-01,2026-01-01,INST — 1 ,CH,3,0,0.00,0.00%,,,0.05
2025-01-01,2026-01-01,INST — 1 ,TR,1597,91,0.03,5.70%,4,,3.09
2025-01-01,2026-01-01,INST — 1 ,UA,107,10,0.03,9.35%,2,,0.25
2025-01-01,2026-01-01,INST — 1 ,GB,6,0,0.00,0.00%,,,0.04
2025-01-01,2026-01-01,INST — 1 ,US,8,1,0.05,12.50%,,,0.05
2025-01-01,2026-01-01,INST — 10,BR,32549,266,0.06,0.82%,2,,17.25
2025-01-01,2026-01-01,INST — 10,CL,2612,23,0.08,0.88%,,,1.93
2025-01-01,2026-01-01,INST — 10,MX,1254,5,0.12,0.40%,,,0.61
2025-01-01,2026-01-01,INST — 10,PE,739,7,0.06,0.95%,,,0.42
2025-01-01,2026-01-01,INST — 11,BR,4717,74,0.09,1.57%,1,,6.52
2025-01-01,2026-01-01,INST — 11,CL,966,17,0.09,1.76%,,,1.58
2025-01-01,2026-01-01,INST — 11,MX,610,8,0.07,1.31%,,,0.57
2025-01-01,2026-01-01,INST — 11,PE,117,3,0.04,2.56%,,,0.11
2025-01-01,2026-01-01,INST — 12,BR,1841,18,0.08,0.98%,,,1.39
2025-01-01,2026-01-01,INST — 12,CL,104,0,0.00,0.00%,,,0.08
2025-01-01,2026-01-01,INST — 12,MX,61,0,0.00,0.00%,,,0.04
2025-01-01,2026-01-01,INST — 12,PE,26,1,0.03,3.85%,,,0.03
2025-01-01,2026-01-01,INST — 13,BR,887,13,0.13,1.47%,,,1.71
2025-01-01,2026-01-01,INST — 13,BR,5494,166,0.07,3.02%,4,,12.28
2025-01-01,2026-01-01,INST — 13,CL,44,1,0.08,2.27%,,,0.08
2025-01-01,2026-01-01,INST — 13,CL,9355,229,0.08,2.45%,1,,19.07
2025-01-01,2026-01-01,INST — 13,MX,50,1,0.02,2.00%,,,0.02
2025-01-01,2026-01-01,INST — 13,MX,1996,50,0.08,2.51%,,,4.17
2025-01-01,2026-01-01,INST — 13,PE,13,1,0.00,7.69%,,,0.00
2025-01-01,2026-01-01,INST — 13,PE,742,11,0.12,1.48%,,,1.34
2025-01-01,2026-01-01,INST — 14,BR,11091,216,0.07,1.95%,6,,15.48
2025-01-01,2026-01-01,INST — 14,CL,8344,215,0.06,2.58%,6,,12.69
2025-01-01,2026-01-01,INST — 14,MX,859,5,0.20,0.58%,,,1.00
2025-01-01,2026-01-01,INST — 14,PE,333,11,0.02,3.30%,,,0.25
2025-01-01,2026-01-01,INST — 15,BR,1648,31,0.06,1.88%,,,1.91
2025-01-01,2026-01-01,INST — 15,BR,1044,16,0.10,1.53%,,,1.55
2025-01-01,2026-01-01,INST — 15,CL,106,0,0.00,0.00%,,,0.09
2025-01-01,2026-01-01,INST — 15,CL,66,0,0.00,0.00%,,,0.08
2025-01-01,2026-01-01,INST — 15,MX,33,0,0.00,0.00%,,,0.00
2025-01-01,2026-01-01,INST — 15,MX,40,0,0.00,0.00%,,,0.06
2025-01-01,2026-01-01,INST — 15,PE,19,1,0.03,5.26%,,,0.03
2025-01-01,2026-01-01,INST — 15,PE,19,0,0.00,0.00%,,,0.06
2025-01-01,2026-01-01,INST — 16,BR,8279,161,0.06,1.94%,5,,9.18
2025-01-01,2026-01-01,INST — 16,CL,7776,82,0.07,1.05%,2,,6.01
2025-01-01,2026-01-01,INST — 16,MX,792,10,0.07,1.26%,,,0.65
2025-01-01,2026-01-01,INST — 16,PE,369,7,0.04,1.90%,,,0.30
2025-01-01,2026-01-01,INST — 17,BR,5177,89,0.08,1.72%,,,6.93
2025-01-01,2026-01-01,INST — 17,CL,1285,33,0.06,2.57%,,,1.85
2025-01-01,2026-01-01,INST — 17,MX,463,7,0.07,1.51%,,,0.51
2025-01-01,2026-01-01,INST — 17,PE,244,5,0.07,2.05%,,,0.33
2025-01-01,2026-01-01,INST — 18,BR,5407,127,0.06,2.35%,,,7.69
2025-01-01,2026-01-01,INST — 18,CL,972,9,0.13,0.93%,,,1.13
2025-01-01,2026-01-01,INST — 18,MX,371,4,0.08,1.08%,,,0.32
2025-01-01,2026-01-01,INST — 18,PE,170,3,0.04,1.76%,,,0.11
2025-01-01,2026-01-01,INST — 19,BR,3011,9,0.28,0.30%,,,2.55
2025-01-01,2026-01-01,INST — 19,CL,150,1,0.15,0.67%,,,0.15
2025-01-01,2026-01-01,INST — 19,MX,404,1,0.41,0.25%,,,0.41
2025-01-01,2026-01-01,INST — 19,PE,111,1,0.16,0.90%,,,0.16
2025-01-01,2026-01-01,INST — 2,AL,238,18,0.02,7.56%,,,0.42
2025-01-01,2026-01-01,INST — 2,AL,58,2,0.05,3.45%,,,0.10
2025-01-01,2026-01-01,INST — 2,AU,19,0,0.00,0.00%,,,0.10
2025-01-01,2026-01-01,INST — 2,AU,4,1,0.03,25.00%,,,0.03
2025-01-01,2026-01-01,INST — 2,AT,20,1,0.10,5.00%,,,0.10
2025-01-01,2026-01-01,INST — 2,AT,6,0,0.00,0.00%,,,0.01
2025-01-01,2026-01-01,INST — 2,BE,26,4,0.02,15.38%,,,0.09
2025-01-01,2026-01-01,INST — 2,BE,17,2,0.00,11.76%,,,0.00
2025-01-01,2026-01-01,INST — 2,BA,255,16,0.03,6.27%,,,0.55
2025-01-01,2026-01-01,INST — 2,BA,153,5,0.05,3.27%,,,0.26
2025-01-01,2026-01-01,INST — 2,BG,74,4,0.04,5.41%,,,0.14
2025-01-01,2026-01-01,INST — 2,BG,17,1,0.02,5.88%,,,0.02
2025-01-01,2026-01-01,INST — 2,CA,39,5,0.02,12.82%,,,0.12
2025-01-01,2026-01-01,INST — 2,CA,10,0,0.00,0.00%,,,0.03
2025-01-01,2026-01-01,INST — 2,CV,3859,74,0.03,1.92%,10,,2.19
2025-01-01,2026-01-01,INST — 2,CV,3143,9,0.07,0.29%,,,0.62
2025-01-01,2026-01-01,INST — 2,HR,77,5,0.04,6.49%,,,0.21
2025-01-01,2026-01-01,INST — 2,HR,35,1,0.09,2.86%,,,0.09
2025-01-01,2026-01-01,INST — 2,CY,52,1,0.13,1.92%,,,0.13
2025-01-01,2026-01-01,INST — 2,CY,10,1,0.04,10.00%,,,0.04
2025-01-01,2026-01-01,INST — 2,CZ,20,2,0.04,10.00%,,,0.08
2025-01-01,2026-01-01,INST — 2,CZ,11,2,0.01,18.18%,,,0.01
2025-01-01,2026-01-01,INST — 2,DK,7,2,0.03,28.57%,,,0.05
2025-01-01,2026-01-01,INST — 2,DK,2,0,0.00,0.00%,,,0.00
2025-01-01,2026-01-01,INST — 2,DO,1221,62,0.03,5.08%,7,,1.73
2025-01-01,2026-01-01,INST — 2,DO,386,6,0.11,1.55%,,,0.67
2025-01-01,2026-01-01,INST — 2,EE,2,1,0.02,50.00%,,,0.02
2025-01-01,2026-01-01,INST — 2,EE,1,0,0.00,0.00%,,,0.00
2025-01-01,2026-01-01,INST — 2,FI,7,0,0.00,0.00%,,,0.04
2025-01-01,2026-01-01,INST — 2,FI,1,0,0.00,0.00%,,,0.00
2025-01-01,2026-01-01,INST — 2,FR,201,23,0.04,11.44%,2,,1.02
2025-01-01,2026-01-01,INST — 2,FR,44,2,0.04,4.55%,,,0.07
2025-01-01,2026-01-01,INST — 2,DE,58,5,0.03,8.62%,,,0.16
2025-01-01,2026-01-01,INST — 2,DE,20,1,0.02,5.00%,,,0.02
2025-01-01,2026-01-01,INST — 2,GR,223,13,0.05,5.83%,1,,0.63
2025-01-01,2026-01-01,INST — 2,GR,65,8,0.03,12.31%,,,0.20
2025-01-01,2026-01-01,INST — 2,HU,53,1,0.11,1.89%,,,0.11
2025-01-01,2026-01-01,INST — 2,HU,27,2,0.06,7.41%,,,0.11
2025-01-01,2026-01-01,INST — 2,IS,2,0,0.00,0.00%,,,0.01
2025-01-01,2026-01-01,INST — 2,IE,5,1,0.01,20.00%,,,0.01
2025-01-01,2026-01-01,INST — 2,IE,2,0,0.00,0.00%,,,0.01
2025-01-01,2026-01-01,INST — 2,IL,10,1,0.03,10.00%,,,0.03
2025-01-01,2026-01-01,INST — 2,IL,9,1,0.03,11.11%,,,0.03
2025-01-01,2026-01-01,INST — 2,IT,1108,147,0.03,13.27%,20,,4.11
2025-01-01,2026-01-01,INST — 2,IT,116,3,0.13,2.59%,,,0.38
2025-01-01,2026-01-01,INST — 2,JM,94,6,0.03,6.38%,,,0.20
2025-01-01,2026-01-01,INST — 2,JM,85,1,0.18,1.18%,,,0.18
2025-01-01,2026-01-01,INST — 2,JP,30,2,0.07,6.67%,,,0.14
2025-01-01,2026-01-01,INST — 2,JP,6,0,0.00,0.00%,,,0.03
2025-01-01,2026-01-01,INST — 2,XK,98,4,0.03,4.08%,,,0.13
2025-01-01,2026-01-01,INST — 2,XK,76,4,0.03,5.26%,,,0.13
2025-01-01,2026-01-01,INST — 2,LV,16,0,0.00,0.00%,,,0.03
2025-01-01,2026-01-01,INST — 2,LV,8,0,0.00,0.00%,,,0.03
2025-01-01,2026-01-01,INST — 2,LT,21,1,0.03,4.76%,,,0.03
2025-01-01,2026-01-01,INST — 2,LT,6,0,0.00,0.00%,,,0.00
2025-01-01,2026-01-01,INST — 2,LU,7,0,0.00,0.00%,,,0.01
2025-01-01,2026-01-01,INST — 2,LU,5,0,0.00,0.00%,,,0.00
2025-01-01,2026-01-01,INST — 2,MV,184,4,0.03,2.17%,,,0.12
2025-01-01,2026-01-01,INST — 2,MV,320,2,0.21,0.63%,,,0.42
2025-01-01,2026-01-01,INST — 2,MT,5,2,0.02,40.00%,,,0.03
2025-01-01,2026-01-01,INST — 2,MT,4,0,0.00,0.00%,,,0.00
2025-01-01,2026-01-01,INST — 2,MU,224,13,0.02,5.80%,,,0.27
2025-01-01,2026-01-01,INST — 2,MU,302,4,0.10,1.32%,,,0.40
2025-01-01,2026-01-01,INST — 2,MD,55,1,0.07,1.82%,,,0.07
2025-01-01,2026-01-01,INST — 2,MD,37,1,0.07,2.70%,,,0.07
2025-01-01,2026-01-01,INST — 2,ME,203,14,0.03,6.90%,,,0.35
2025-01-01,2026-01-01,INST — 2,ME,77,4,0.02,5.19%,,,0.09
2025-01-01,2026-01-01,INST — 2,NL,28,6,0.02,21.43%,,,0.10
2025-01-01,2026-01-01,INST — 2,NL,8,0,0.00,0.00%,,,0.01
2025-01-01,2026-01-01,INST — 2,NO,18,4,0.03,22.22%,,,0.10
2025-01-01,2026-01-01,INST — 2,PL,62,2,0.11,3.23%,,,0.22
2025-01-01,2026-01-01,INST — 2,PL,12,1,0.03,8.33%,,,0.03
2025-01-01,2026-01-01,INST — 2,PT,493,24,0.03,4.87%,,,0.81
2025-01-01,2026-01-01,INST — 2,PT,250,2,0.05,0.80%,,,0.09
2025-01-01,2026-01-01,INST — 2,PR,213,47,0.02,22.07%,,,0.88
2025-01-01,2026-01-01,INST — 2,PR,28,1,0.04,3.57%,,,0.04
2025-01-01,2026-01-01,INST — 2,RO,257,17,0.05,6.61%,,,0.80
2025-01-01,2026-01-01,INST — 2,RO,58,6,0.02,10.34%,,,0.09
2025-01-01,2026-01-01,INST — 2,RS,409,16,0.06,3.91%,,,0.95
2025-01-01,2026-01-01,INST — 2,RS,249,5,0.10,2.01%,,,0.50
2025-01-01,2026-01-01,INST — 2,SC,539,6,0.06,1.11%,,,0.37
2025-01-01,2026-01-01,INST — 2,SC,723,3,0.08,0.41%,,,0.24
2025-01-01,2026-01-01,INST — 2,SK,17,1,0.06,5.88%,,,0.06
2025-01-01,2026-01-01,INST — 2,SK,14,1,0.04,7.14%,,,0.04
2025-01-01,2026-01-01,INST — 2,SI,7,0,0.00,0.00%,,,0.02
2025-01-01,2026-01-01,INST — 2,SI,6,1,0.01,16.67%,,,0.01
2025-01-01,2026-01-01,INST — 2,KR,32,1,0.12,3.13%,,,0.12
2025-01-01,2026-01-01,INST — 2,KR,3,0,0.00,0.00%,,,0.00
2025-01-01,2026-01-01,INST — 2,ES,259,29,0.03,11.20%,,,0.80
2025-01-01,2026-01-01,INST — 2,ES,77,5,0.06,6.49%,,,0.29
2025-01-01,2026-01-01,INST — 2,SE,78,17,0.03,21.79%,,,0.49
2025-01-01,2026-01-01,INST — 2,SE,3,0,0.00,0.00%,,,0.02
2025-01-01,2026-01-01,INST — 2,CH,9,0,0.00,0.00%,,,0.00
2025-01-01,2026-01-01,INST — 2,CH,3,0,0.00,0.00%,,,0.00
2025-01-01,2026-01-01,INST — 2,UA,336,21,0.03,6.25%,,,0.69
2025-01-01,2026-01-01,INST — 2,UA,137,5,0.08,3.65%,,,0.38
2025-01-01,2026-01-01,INST — 2,GB,19,0,0.00,0.00%,,,0.03
2025-01-01,2026-01-01,INST — 2,GB,18,0,0.00,0.00%,,,0.02
2025-01-01,2026-01-01,INST — 2,US,166,4,0.03,2.41%,,,0.12
2025-01-01,2026-01-01,INST — 2,US,60,0,0.00,0.00%,,,0.06
2025-01-01,2026-01-01,INST — 20,AU,616,2,0.08,0.32%,,,0.16
2025-01-01,2026-01-01,INST — 20,BR,158,11,0.02,6.96%,1,,0.20
2025-01-01,2026-01-01,INST — 20,CA,174,1,0.02,0.57%,,,0.02
2025-01-01,2026-01-01,INST — 20,ID,21042,165,0.04,0.78%,2,,7.38
2025-01-01,2026-01-01,INST — 20,IE,118,0,0.00,0.00%,,,0.01
2025-01-01,2026-01-01,INST — 20,KE,2797,26,0.06,0.93%,,,1.51
2025-01-01,2026-01-01,INST — 20,MX,38,0,0.00,0.00%,,,0.00
2025-01-01,2026-01-01,INST — 20,PH,13677,98,0.07,0.72%,,,6.49
2025-01-01,2026-01-01,INST — 20,TH,227,3,0.01,1.32%,,,0.02
2025-01-01,2026-01-01,INST — 20,UA,7,0,0.00,0.00%,,,0.00
2025-01-01,2026-01-01,INST — 20,GB,217,1,0.10,0.46%,,,0.10
2025-01-01,2026-01-01,INST — 20,US,1063,7,0.04,0.66%,,,0.26
2025-01-01,2026-01-01,INST — 21,AU,296,3,0.03,1.01%,,,0.08
2025-01-01,2026-01-01,INST — 21,BR,197,7,0.03,3.55%,1,,0.22
2025-01-01,2026-01-01,INST — 21,CA,82,0,0.00,0.00%,,,0.03
2025-01-01,2026-01-01,INST — 21,ID,15551,119,0.06,0.77%,1,,7.09
2025-01-01,2026-01-01,INST — 21,IE,85,0,0.00,0.00%,,,0.01
2025-01-01,2026-01-01,INST — 21,KE,1236,3,0.29,0.24%,,,0.86
2025-01-01,2026-01-01,INST — 21,MX,44,0,0.00,0.00%,,,0.03
2025-01-01,2026-01-01,INST — 21,PH,11522,49,0.14,0.43%,,,7.05
2025-01-01,2026-01-01,INST — 21,TH,115,2,0.01,1.74%,,,0.02
2025-01-01,2026-01-01,INST — 21,UA,6,0,0.00,0.00%,,,0.00
2025-01-01,2026-01-01,INST — 21,GB,121,0,0.00,0.00%,,,0.03
2025-01-01,2026-01-01,INST — 21,US,148,0,0.00,0.00%,,,0.12
2025-01-01,2026-01-01,INST — 22,AU,75,1,0.02,1.33%,,,0.02
2025-01-01,2026-01-01,INST — 22,BR,16,0,0.00,0.00%,,,0.00
2025-01-01,2026-01-01,INST — 22,CA,32,0,0.00,0.00%,,,0.00
2025-01-01,2026-01-01,INST — 22,ID,10816,136,0.05,1.26%,1,,6.83
2025-01-01,2026-01-01,INST — 22,IE,21,0,0.00,0.00%,,,0.00
2025-01-01,2026-01-01,INST — 22,KE,932,23,0.06,2.47%,,,1.28
2025-01-01,2026-01-01,INST — 22,MX,6,0,0.00,0.00%,,,0.01
2025-01-01,2026-01-01,INST — 22,PH,11292,213,0.05,1.89%,3,,11.56
2025-01-01,2026-01-01,INST — 22,TH,45,1,0.01,2.22%,,,0.01
2025-01-01,2026-01-01,INST — 22,UA,4,0,0.00,0.00%,,,0.00
2025-01-01,2026-01-01,INST — 22,GB,29,0,0.00,0.00%,,,0.00
2025-01-01,2026-01-01,INST — 22,US,275,3,0.05,1.09%,,,0.15
2025-01-01,2026-01-01,INST — 23,KE,6508,43,0.11,0.66%,,,4.82
2025-01-01,2026-01-01,INST — 23,PH,13054,121,0.09,0.93%,1,,10.36
2025-01-01,2026-01-01,INST — 23,US,87,1,0.05,1.15%,,,0.05
2025-01-01,2026-01-01,INST — 24,AR,6151,82,0.09,1.33%,1,,7.68
2025-01-01,2026-01-01,INST — 24,CL,1278,12,0.17,0.94%,,,2.06
2025-01-01,2026-01-01,INST — 24,CO,1558,25,0.12,1.60%,,,2.88
2025-01-01,2026-01-01,INST — 24,DO,3380,27,0.12,0.80%,,,3.37
2025-01-01,2026-01-01,INST — 24,MX,1912,34,0.09,1.78%,,,3.20
2025-01-01,2026-01-01,INST — 25,KE,2337,50,0.08,2.14%,,,3.94
2025-01-01,2026-01-01,INST — 25,PH,3280,84,0.07,2.56%,1,,6.05
2025-01-01,2026-01-01,INST — 25,US,119,2,0.47,1.68%,,,0.93
2025-01-01,2026-01-01,INST — 26,KE,389,2,0.24,0.51%,,,0.48
2025-01-01,2026-01-01,INST — 26,PH,1230,6,0.25,0.49%,,,1.49
2025-01-01,2026-01-01,INST — 26,US,218,2,0.93,0.92%,,,1.85
2025-01-01,2026-01-01,INST — 27,KE,513,2,0.23,0.39%,,,0.46
2025-01-01,2026-01-01,INST — 27,PH,6246,87,0.07,1.39%,,,6.14
2025-01-01,2026-01-01,INST — 27,US,327,5,0.42,1.53%,,,2.08
2025-01-01,2026-01-01,INST — 28,KE,2,0,0.00,0.00%,,,0.00
2025-01-01,2026-01-01,INST — 28,PH,650,9,0.03,1.38%,,,0.24
2025-01-01,2026-01-01,INST — 28,US,3,0,0.00,0.00%,,,0.00
2025-01-01,2026-01-01,INST — 3,US,435,8,0.42,1.84%,1,,3.33
2025-01-01,2026-01-01,INST — 4,US,239,1,1.99,0.42%,1,,1.99
2025-01-01,2026-01-01,INST — 5,CA,2019,83,0.17,4.11%,2,,13.88
2025-01-01,2026-01-01,INST — 6,BR,47379,660,0.06,1.39%,15,,37.06
2025-01-01,2026-01-01,INST — 6,CL,2167,63,0.03,2.91%,1,,1.88
2025-01-01,2026-01-01,INST — 6,MX,2838,250,0.02,8.81%,3,,3.94
2025-01-01,2026-01-01,INST — 6,PE,6386,605,0.01,9.47%,7,,9.04
2025-01-01,2026-01-01,INST — 6,unknown,1,0,0.00,0.00%,,,0.00
2025-01-01,2026-01-01,INST — 7,BR,9103,439,0.03,4.82%,19,,12.18
2025-01-01,2026-01-01,INST — 7,CL,581,22,0.03,3.79%,1,,0.66
2025-01-01,2026-01-01,INST — 7,MX,477,18,0.03,3.77%,,,0.50
2025-01-01,2026-01-01,INST — 7,PE,2929,149,0.03,5.09%,,,4.09
2025-01-01,2026-01-01,INST — 8,CA,699,36,0.15,5.15%,1,,5.36
2025-01-01,2026-01-01,INST — 9,BR,10851,133,0.06,1.23%,2,,8.19
2025-01-01,2026-01-01,INST — 9,CL,2695,52,0.07,1.93%,,,3.75
2025-01-01,2026-01-01,INST — 9,MX,1215,17,0.07,1.40%,,,1.12
2025-01-01,2026-01-01,INST — 9,PE,763,8,0.09,1.05%,,,0.68
,,,,,,,,1996,,